{
  "global": {
    "mae": 1.6513048033667378e-05,
    "rmse": 4.941683211239172e-05,
    "r2": 0.9999999999956904,
    "cv_mae_mean": 1.0169107466006322,
    "cv_mae_std": 1.0763469080214536,
    "n_samples": 980
  },
  "japan": {
    "mae": 4.772237205500098,
    "rmse": 18.035715094320906,
    "r2": 0.5352734120163392,
    "cv_mae_mean": 1.9639275840801287,
    "cv_mae_std": 2.6110621270808356,
    "n_samples": 754
  },
  "evaluated_at": "2025-10-05T15:22:20.716234"
}